{
  "tickets": [
    {
      "ticketId": 1294,
      "invoiceId": "INV-593395",
      "userId": "1445572527693889617",
      "product": "vip_6",
      "status": "PAID",
      "createdAt": 1768212524133
    },
    {
      "ticketId": 4093,
      "invoiceId": "INV-933905",
      "userId": "1450472182454157458",
      "product": "vip_6",
      "status": "PAID",
      "createdAt": 1768224293347
    },
    {
      "ticketId": 1372,
      "invoiceId": "INV-613902",
      "userId": "1457678955921277065",
      "product": "vip_6",
      "status": "EXPIRED",
      "createdAt": 1768224632151
    },
    {
      "ticketId": 4662,
      "invoiceId": "INV-207678",
      "userId": "1450472182454157458",
      "product": "vip_6",
      "status": "DONE",
      "createdAt": 1768224763531
    },
    {
      "ticketId": 5236,
      "invoiceId": "INV-317176",
      "userId": "1445572527693889617",
      "product": "vip_6",
      "status": "DONE",
      "createdAt": 1768225331558
    },
    {
      "ticketId": 4391,
      "invoiceId": "INV-339023",
      "userId": "1450472182454157458",
      "product": "vip_6",
      "status": "DONE",
      "createdAt": 1768225978050
    },
    {
      "ticketId": 3360,
      "invoiceId": "INV-884918",
      "userId": "1450472182454157458",
      "product": "vip_6",
      "status": "DONE",
      "createdAt": 1768226518799
    },
    {
      "ticketId": 3624,
      "invoiceId": "INV-192553",
      "userId": "1445572527693889617",
      "product": "vip_12",
      "status": "DONE",
      "createdAt": 1768226617815
    },
    {
      "ticketId": 4618,
      "invoiceId": "INV-821680",
      "userId": "1445572527693889617",
      "product": "vip_24",
      "status": "DONE",
      "createdAt": 1768226719278
    },
    {
      "ticketId": 2291,
      "invoiceId": "INV-821913",
      "userId": "1445572527693889617",
      "product": "vip_12",
      "status": "PAID",
      "createdAt": 1768226924503
    },
    {
      "ticketId": 4337,
      "invoiceId": "INV-459463",
      "userId": "1445572527693889617",
      "product": "vip_12",
      "status": "PAID",
      "createdAt": 1768226986704
    },
    {
      "ticketId": 6745,
      "invoiceId": "INV-9XAULCW6V",
      "userId": "1453907625790931099",
      "product": "vip_24",
      "status": "PAID",
      "createdAt": 1768289123168
    },
    {
      "ticketId": 8054,
      "invoiceId": "INV-925SBI7JU",
      "userId": "1445572527693889617",
      "product": "vip_6",
      "status": "DONE",
      "createdAt": 1768289524755
    },
    {
      "ticketId": 6359,
      "invoiceId": "INV-EH308CBXB",
      "userId": "1445572527693889617",
      "product": "vip_6",
      "status": "PAID",
      "createdAt": 1768289634360
    },
    {
      "ticketId": 3125,
      "invoiceId": "INV-6J9O8FR5U",
      "userId": "1445572527693889617",
      "product": "vip_6",
      "status": "DONE",
      "createdAt": 1768290040520
    },
    {
      "ticketId": 1301,
      "invoiceId": "INV-QLKRY9UPK",
      "userId": "1445572527693889617",
      "product": "vip_6",
      "status": "DONE",
      "createdAt": 1768290180260
    },
    {
      "ticketId": 1629,
      "invoiceId": "INV-ZZF82PXRK",
      "userId": "1445572527693889617",
      "product": "vip_6",
      "status": "PAID",
      "createdAt": 1768290419930
    },
    {
      "ticketId": 6321,
      "invoiceId": "INV-0VT7BVY3P",
      "userId": "1445572527693889617",
      "product": "vip_6",
      "status": "PAID",
      "createdAt": 1768290673550
    },
    {
      "ticketId": 3768,
      "invoiceId": "INV-MKUL5AH6W",
      "userId": "1450472182454157458",
      "product": "vip_6",
      "status": "PAID",
      "createdAt": 1768290739867
    },
    {
      "ticketId": 4460,
      "invoiceId": "INV-P03D1EFV6",
      "userId": "1450472182454157458",
      "product": "vip_6",
      "status": "PAID",
      "createdAt": 1768290967461
    },
    {
      "ticketId": 7166,
      "invoiceId": "INV-Z5JC1JWAR",
      "userId": "1450347644445528162",
      "product": "vip_6",
      "status": "DONE",
      "createdAt": 1768291240562
    },
    {
      "ticketId": 1232,
      "invoiceId": "INV-LVQNXWLSL",
      "userId": "1450472182454157458",
      "product": "vip_6",
      "status": "PAID",
      "createdAt": 1768291629795
    },
    {
      "ticketId": 9439,
      "invoiceId": "INV-18Z0MK15L",
      "userId": "1460534697988849769",
      "product": "vip_6",
      "status": "DONE",
      "createdAt": 1768292342631
    },
    {
      "ticketId": 6164,
      "invoiceId": "INV-5X4SA2WFQ",
      "userId": "1456186309508071454",
      "product": "vip_24",
      "status": "DONE",
      "createdAt": 1768293522698
    },
    {
      "ticketId": 4412,
      "invoiceId": "INV-2UWGLLYSO",
      "userId": "1445572527693889617",
      "product": "vip_6",
      "status": "DONE",
      "createdAt": 1768294824832
    },
    {
      "ticketId": 5922,
      "invoiceId": "INV-VV90F7CHF",
      "userId": "1445572527693889617",
      "product": "vip_6",
      "status": "PAID",
      "createdAt": 1768294949971
    },
    {
      "ticketId": 7315,
      "invoiceId": "INV-A2Q4C816K",
      "userId": "1445572527693889617",
      "product": "vip_6",
      "status": "PAID",
      "createdAt": 1768295238646
    },
    {
      "ticketId": 1345,
      "invoiceId": "INV-ZTB7800W6",
      "userId": "1445572527693889617",
      "product": "vip_6",
      "status": "PAID",
      "createdAt": 1768295440599
    },
    {
      "ticketId": 2650,
      "invoiceId": "INV-AS0DRT47A",
      "userId": "1445572527693889617",
      "product": "vip_6",
      "status": "PAID",
      "createdAt": 1768295605423
    },
    {
      "ticketId": 2236,
      "invoiceId": "INV-86L4GU2O5",
      "userId": "1449628494282756228",
      "product": "vip_6",
      "status": "DONE",
      "createdAt": 1768296441542
    },
    {
      "ticketId": 9806,
      "invoiceId": "INV-OSNZGFFK1",
      "userId": "1445572527693889617",
      "product": "vip_6",
      "status": "PAID",
      "createdAt": 1768311970726
    },
    {
      "ticketId": 6472,
      "invoiceId": "INV-17OWHR0RL",
      "userId": "1376153106009559111",
      "product": "vip_12",
      "status": "DONE",
      "createdAt": 1768312068995
    },
    {
      "ticketId": 1041,
      "invoiceId": "INV-A2P1TNRC8",
      "userId": "1376153106009559111",
      "product": "vip_6",
      "status": "PAID",
      "createdAt": 1768312287311
    },
    {
      "ticketId": 4420,
      "invoiceId": "INV-4A3D2DHBH",
      "userId": "1362385143251079239",
      "product": "vip_6",
      "status": "PAID",
      "createdAt": 1768347781478
    },
    {
      "ticketId": 5893,
      "invoiceId": "INV-2WWA7G1NK",
      "userId": "1456836376753471583",
      "product": "vip_24",
      "status": "DONE",
      "createdAt": 1768372233281
    },
    {
      "ticketId": 4906,
      "invoiceId": "INV-UUOSX5W73",
      "userId": "1389074614205812816",
      "product": "vip_6",
      "status": "PAID",
      "createdAt": 1768373234772
    },
    {
      "ticketId": 1130,
      "invoiceId": "INV-T0G122LN6",
      "userId": "1445572527693889617",
      "product": "vip_6",
      "status": "DONE",
      "createdAt": 1768374009565
    },
    {
      "ticketId": 9280,
      "invoiceId": "INV-K0YRJTX4G",
      "userId": "1445572527693889617",
      "product": "vip_6",
      "status": "PAID",
      "createdAt": 1768374104561
    },
    {
      "ticketId": 6444,
      "invoiceId": "INV-M7MQI5Z71",
      "userId": "1445572527693889617",
      "product": "vip_6",
      "status": "PAID",
      "createdAt": 1768374231857
    },
    {
      "ticketId": 5291,
      "invoiceId": "INV-FZZ61EMW0",
      "userId": "1445572527693889617",
      "product": "vip_24",
      "status": "DONE",
      "createdAt": 1768374441109
    },
    {
      "ticketId": 3710,
      "invoiceId": "INV-5253TVKRD",
      "userId": "1445572527693889617",
      "product": "vip_24",
      "status": "DONE",
      "createdAt": 1768374662501
    },
    {
      "ticketId": 3044,
      "invoiceId": "INV-5BWSJAU77",
      "userId": "1331036605745598514",
      "product": "vip_6",
      "status": "EXPIRED",
      "createdAt": 1768376582427
    },
    {
      "ticketId": 3494,
      "invoiceId": "INV-SA1R8RSJ0",
      "userId": "1460895041227849810",
      "product": "vip_6",
      "status": "DONE",
      "createdAt": 1768376802009
    },
    {
      "ticketId": 8249,
      "invoiceId": "INV-OEVZEFASU",
      "userId": "1445572527693889617",
      "product": "vip_6",
      "status": "DONE",
      "createdAt": 1768400521643
    },
    {
      "ticketId": 7824,
      "invoiceId": "INV-5TQQAR5O0",
      "userId": "1445572527693889617",
      "product": "vip_6",
      "status": "DONE",
      "createdAt": 1768432504912
    },
    {
      "ticketId": 8266,
      "invoiceId": "INV-RE23W022I",
      "userId": "1445572527693889617",
      "product": "vip_6",
      "status": "DONE",
      "createdAt": 1768437249867
    },
    {
      "ticketId": 7600,
      "invoiceId": "INV-8YTB47ZT8",
      "userId": "1445572527693889617",
      "product": "vip_6",
      "status": "DONE",
      "createdAt": 1768437265133
    },
    {
      "ticketId": 6767,
      "invoiceId": "INV-42JCUZUD9",
      "userId": "1450472182454157458",
      "product": "vip_6",
      "status": "DONE",
      "createdAt": 1768437465805
    },
    {
      "ticketId": 4427,
      "invoiceId": "INV-9LL8VU6VL",
      "userId": "1450472182454157458",
      "product": "vip_6",
      "status": "DONE",
      "createdAt": 1768437537430
    },
    {
      "ticketId": 6590,
      "invoiceId": "INV-YOERWM7MK",
      "userId": "1450472182454157458",
      "product": "vip_6",
      "status": "DONE",
      "createdAt": 1768437616840
    },
    {
      "ticketId": 2525,
      "invoiceId": "INV-050I9IZTD",
      "userId": "1450472182454157458",
      "product": "vip_6",
      "status": "DONE",
      "createdAt": 1768437693836
    },
    {
      "ticketId": 1213,
      "invoiceId": "INV-EQDVW8QTR",
      "userId": "1450472182454157458",
      "product": "vip_6",
      "status": "DONE",
      "createdAt": 1768437767258
    },
    {
      "ticketId": 6696,
      "invoiceId": "INV-DAI8K91LL",
      "userId": "1450472182454157458",
      "product": "vip_6",
      "status": "PAID",
      "createdAt": 1768437791135
    },
    {
      "ticketId": 6668,
      "invoiceId": "INV-BYU2FNL3I",
      "userId": "1450472182454157458",
      "product": "vip_6",
      "status": "PAID",
      "createdAt": 1768438505387
    },
    {
      "ticketId": 1821,
      "invoiceId": "INV-HIH0WOD7T",
      "userId": "1445572527693889617",
      "product": "vip_6",
      "status": "DONE",
      "createdAt": 1768440593441
    },
    {
      "ticketId": 9398,
      "invoiceId": "INV-D0L7B7M8K",
      "userId": "1445572527693889617",
      "product": "vip_6",
      "status": "PAID",
      "createdAt": 1768440612235
    },
    {
      "ticketId": 1544,
      "invoiceId": "INV-56VIVWDOH",
      "userId": "1445572527693889617",
      "product": "vip_6",
      "status": "PAID",
      "createdAt": 1768441311384
    },
    {
      "ticketId": 7356,
      "invoiceId": "INV-LBM9FPXZ8",
      "userId": "1445572527693889617",
      "product": "vip_6",
      "status": "PAID",
      "createdAt": 1768441766358
    },
    {
      "ticketId": 7877,
      "invoiceId": "INV-KO9CMG0A1",
      "userId": "1445572527693889617",
      "product": "vip_6",
      "status": "PAID",
      "createdAt": 1768441891897
    },
    {
      "ticketId": 1757,
      "invoiceId": "INV-X7KXNDH4Z",
      "userId": "1445572527693889617",
      "product": "vip_6",
      "status": "DONE",
      "createdAt": 1768442420628
    },
    {
      "ticketId": 2568,
      "invoiceId": "INV-ROBY9146U",
      "userId": "1445572527693889617",
      "product": "vip_6",
      "status": "PAID",
      "createdAt": 1768442619729
    },
    {
      "ticketId": 1474,
      "invoiceId": "INV-RLS0N7Q8C",
      "userId": "1445572527693889617",
      "product": "vip_6",
      "status": "PAID",
      "createdAt": 1768442678130
    },
    {
      "ticketId": 4743,
      "invoiceId": "INV-177KW53AW",
      "userId": "1461173743899512958",
      "product": "vip_6",
      "status": "EXPIRED",
      "createdAt": 1768442925188
    },
    {
      "ticketId": 1965,
      "invoiceId": "INV-AZVBU81BN",
      "userId": "1445572527693889617",
      "product": "vip_6",
      "status": "PAID",
      "createdAt": 1768443148676
    },
    {
      "ticketId": 7974,
      "invoiceId": "INV-TYV2FF4EC",
      "userId": "1459380802805825717",
      "product": "vip_6",
      "status": "DONE",
      "createdAt": 1768478525500
    },
    {
      "ticketId": 5200,
      "invoiceId": "INV-SM1RGGSHT",
      "userId": "1445572527693889617",
      "product": "vip_6",
      "status": "DONE",
      "createdAt": 1768480738140
    },
    {
      "ticketId": 9978,
      "invoiceId": "INV-XTQIJXKJV",
      "userId": "1459380802805825717",
      "product": "vip_6",
      "status": "PAID",
      "createdAt": 1768480765932
    },
    {
      "ticketId": 9919,
      "invoiceId": "INV-ZHEBY4F00",
      "userId": "1461157711214284925",
      "product": "vip_12",
      "status": "DONE",
      "createdAt": 1768482815175
    },
    {
      "ticketId": 5385,
      "invoiceId": "INV-JRBT8P6NB",
      "userId": "1445572527693889617",
      "product": "vip_6",
      "status": "DONE",
      "createdAt": 1768523529625
    },
    {
      "ticketId": 5990,
      "invoiceId": "INV-LPTESORIK",
      "userId": "1445572527693889617",
      "product": "vip_6",
      "status": "PAID",
      "createdAt": 1768524001644
    },
    {
      "ticketId": "071",
      "invoiceId": "INV-YGEP15VOB",
      "userId": "1445572527693889617",
      "product": "vip_6",
      "status": "PAID",
      "createdAt": 1768524333086
    },
    {
      "ticketId": 8082,
      "invoiceId": "INV-18M8DISLO",
      "userId": "1445572527693889617",
      "product": "vip_6",
      "status": "PAID",
      "createdAt": 1768524469999
    },
    {
      "ticketId": "073",
      "invoiceId": "INV-G7DTTTT26",
      "userId": "962207915693973534",
      "product": "vip_6",
      "status": "DONE",
      "createdAt": 1768525041184
    },
    {
      "ticketId": "074",
      "invoiceId": "INV-T8RJK2DYI",
      "userId": "1438979783651229767",
      "product": "vip_6",
      "status": "EXPIRED",
      "createdAt": 1768532645945
    },
    {
      "ticketId": "075",
      "invoiceId": "INV-SJ7VXPKLG",
      "userId": "1445572527693889617",
      "product": "vip_6",
      "status": "DONE",
      "createdAt": 1768534522757
    },
    {
      "ticketId": "076",
      "invoiceId": "INV-P62DWJM72",
      "userId": "1445572527693889617",
      "product": "vip_6",
      "status": "DONE",
      "createdAt": 1768534536167
    },
    {
      "ticketId": "077",
      "invoiceId": "INV-2XVTKBOWH",
      "userId": "1456631696438067233",
      "product": "vip_6",
      "status": "DONE",
      "createdAt": 1768537937507
    },
    {
      "ticketId": "078",
      "invoiceId": "INV-K2IVUYWCX",
      "userId": "1060603886110515311",
      "product": "vip_12",
      "status": "EXPIRED",
      "createdAt": 1768538009242
    },
    {
      "ticketId": "079",
      "invoiceId": "INV-EO901CDFX",
      "userId": "1442836956508852277",
      "product": "vip_12",
      "status": "DONE",
      "createdAt": 1768546237684
    },
    {
      "ticketId": "080",
      "invoiceId": "INV-K8E71FK5G",
      "userId": "1445572527693889617",
      "product": "vip_6",
      "status": "DONE",
      "createdAt": 1768546818914
    },
    {
      "ticketId": "081",
      "invoiceId": "INV-EGO7V5P5M",
      "userId": "997829174242836521",
      "product": "vip_12",
      "status": "EXPIRED",
      "createdAt": 1768551887683
    },
    {
      "ticketId": "082",
      "invoiceId": "INV-YZ2O7CU2X",
      "userId": "1450389186375979038",
      "product": "vip_6",
      "status": "DONE",
      "createdAt": 1768553608507
    },
    {
      "ticketId": "083",
      "invoiceId": "INV-6B7WRUFCW",
      "userId": "1385430778292207706",
      "product": "vip_12",
      "status": "EXPIRED",
      "createdAt": 1768558744786
    },
    {
      "ticketId": "084",
      "invoiceId": "INV-LSLQDNNN2",
      "userId": "1456631696438067233",
      "product": "vip_6",
      "status": "EXPIRED",
      "createdAt": 1768569054620
    },
    {
      "ticketId": "085",
      "invoiceId": "INV-JQCCR7RZ2",
      "userId": "1456110627490627721",
      "product": "vip_12",
      "status": "DONE",
      "createdAt": 1768569976878
    },
    {
      "ticketId": "086",
      "invoiceId": "INV-FVLJSV5KM",
      "userId": "1162725549697941545",
      "product": "vip_6",
      "status": "DONE",
      "createdAt": 1768570141997
    },
    {
      "ticketId": "087",
      "invoiceId": "INV-35F5A9CD5",
      "userId": "1445572527693889617",
      "product": "vip_6",
      "status": "DONE",
      "createdAt": 1768622501078
    },
    {
      "ticketId": "088",
      "invoiceId": "INV-X46TMLZ8T",
      "userId": "1459046817936445563",
      "product": "vip_6",
      "status": "EXPIRED",
      "createdAt": 1768623147507
    },
    {
      "ticketId": "089",
      "invoiceId": "INV-09OEWAMOK",
      "userId": "1456999099642675467",
      "product": "vip_6",
      "status": "DONE",
      "createdAt": 1768625103786
    },
    {
      "ticketId": "090",
      "invoiceId": "INV-0BJVO63P3",
      "userId": "1412105409992589393",
      "product": "vip_6",
      "status": "DONE",
      "createdAt": 1768627844711
    },
    {
      "ticketId": "091",
      "invoiceId": "INV-ND9NNHDQU",
      "userId": "1461969525720223745",
      "product": "vip_6",
      "status": "EXPIRED",
      "createdAt": 1768631308465
    },
    {
      "ticketId": "092",
      "invoiceId": "INV-TKFKV9RG5",
      "userId": "1433984064704221304",
      "product": "vip_6",
      "status": "DONE",
      "createdAt": 1768631388699
    },
    {
      "ticketId": "093",
      "invoiceId": "INV-C7EWJ44RN",
      "userId": "1347898205274378353",
      "product": "vip_24",
      "status": "EXPIRED",
      "createdAt": 1768631584139
    },
    {
      "ticketId": "094",
      "invoiceId": "INV-GGF2GCGNB",
      "userId": "1445572527693889617",
      "product": "vip_6",
      "status": "DONE",
      "hasProof": true,
      "createdAt": 1768631956572
    },
    {
      "ticketId": "095",
      "invoiceId": "INV-7OMR59S8J",
      "userId": "1185282828343189559",
      "product": "vip_6",
      "status": "PAID",
      "hasProof": true,
      "createdAt": 1768632054173
    },
    {
      "ticketId": "096",
      "invoiceId": "INV-9UM3R4XC3",
      "userId": "694361732596105226",
      "product": "vip_6",
      "status": "EXPIRED",
      "hasProof": false,
      "createdAt": 1768632140094
    },
    {
      "ticketId": "097",
      "invoiceId": "INV-CO53QK1PO",
      "userId": "1433984064704221304",
      "product": "vip_6",
      "status": "PAID",
      "hasProof": false,
      "createdAt": 1768634188133
    },
    {
      "ticketId": "098",
      "invoiceId": "INV-I21WO90WN",
      "userId": "1363458611082297505",
      "product": "vip_12",
      "status": "DONE",
      "hasProof": false,
      "createdAt": 1768652542001
    },
    {
      "ticketId": "099",
      "invoiceId": "INV-VL16ODIJO",
      "userId": "1411383573357002792",
      "product": "vip_12",
      "status": "DONE",
      "hasProof": false,
      "createdAt": 1768653090820
    },
    {
      "ticketId": "100",
      "invoiceId": "INV-TZTWYNMIN",
      "userId": "1428785692422705361",
      "product": "vip_6",
      "status": "PAID",
      "hasProof": false,
      "createdAt": 1768656998928
    },
    {
      "ticketId": "101",
      "invoiceId": "INV-5O7ZATKTR",
      "userId": "1456999099642675467",
      "product": "vip_24",
      "status": "EXPIRED",
      "hasProof": false,
      "createdAt": 1768659798057
    },
    {
      "ticketId": "102",
      "invoiceId": "INV-FPMUTZTHX",
      "userId": "1453573192407973984",
      "product": "vip_6",
      "status": "PAID",
      "hasProof": true,
      "createdAt": 1768660380852
    },
    {
      "ticketId": "103",
      "invoiceId": "INV-772RSHOJV",
      "userId": "862053073706156102",
      "product": "vip_6",
      "status": "PAID",
      "hasProof": true,
      "createdAt": 1768660880005
    },
    {
      "ticketId": "104",
      "invoiceId": "INV-XLPDBQFQH",
      "userId": "1357213637030187008",
      "product": "vip_6",
      "status": "EXPIRED",
      "hasProof": false,
      "createdAt": 1768691489956
    },
    {
      "ticketId": "105",
      "invoiceId": "INV-K151TKKCP",
      "userId": "1449393511186170059",
      "product": "vip_24",
      "status": "DONE",
      "hasProof": false,
      "createdAt": 1768691730392
    },
    {
      "ticketId": "106",
      "invoiceId": "INV-PMKEB56AK",
      "userId": "1453246038998515762",
      "product": "vip_6",
      "status": "DONE",
      "hasProof": false,
      "createdAt": 1768692286984
    },
    {
      "ticketId": "107",
      "invoiceId": "INV-BWZ156A6V",
      "userId": "1162725549697941545",
      "product": "vip_6",
      "status": "DONE",
      "hasProof": false,
      "createdAt": 1768695767271
    },
    {
      "ticketId": "108",
      "invoiceId": "INV-SJX2LFJ9Z",
      "userId": "1162725549697941545",
      "product": "vip_6",
      "status": "PAID",
      "hasProof": true,
      "createdAt": 1768697165566
    },
    {
      "ticketId": "109",
      "invoiceId": "INV-IXCHIKQCE",
      "userId": "1445572527693889617",
      "product": "vip_6",
      "status": "DONE",
      "hasProof": false,
      "createdAt": 1768712860423
    },
    {
      "ticketId": "110",
      "invoiceId": "INV-EV29GOJB3",
      "userId": "1445572527693889617",
      "product": "vip_6",
      "status": "DONE",
      "hasProof": false,
      "createdAt": 1768712875838
    },
    {
      "ticketId": "111",
      "invoiceId": "INV-EBJMSWW4M",
      "userId": "1445572527693889617",
      "product": "vip_6",
      "status": "DONE",
      "hasProof": false,
      "createdAt": 1768718077440
    },
    {
      "ticketId": "112",
      "invoiceId": "INV-BI8UTMCZN",
      "userId": "1450472182454157458",
      "product": "vip_6",
      "status": "DONE",
      "hasProof": false,
      "createdAt": 1768718108395
    },
    {
      "ticketId": "113",
      "invoiceId": "INV-75Q7JCLGK",
      "userId": "1462299013620568149",
      "product": "vip_6",
      "status": "DONE",
      "hasProof": false,
      "createdAt": 1768722973553
    },
    {
      "ticketId": "114",
      "invoiceId": "INV-FJT7W04IE",
      "userId": "1462276402786078914",
      "product": "vip_6",
      "status": "DONE",
      "hasProof": false,
      "createdAt": 1768779178394
    },
    {
      "ticketId": "115",
      "invoiceId": "INV-753A7ELFS",
      "userId": "1340007997635821608",
      "product": "vip_6",
      "status": "EXPIRED",
      "hasProof": false,
      "createdAt": 1768810969627
    },
    {
      "ticketId": "116",
      "invoiceId": "INV-PO2QFCT7I",
      "userId": "1462276402786078914",
      "product": "vip_6",
      "status": "EXPIRED",
      "hasProof": false,
      "createdAt": 1768812615096
    },
    {
      "ticketId": "117",
      "invoiceId": "INV-5CRY2KTAA",
      "userId": "1458826518682800208",
      "product": "vip_24",
      "status": "EXPIRED",
      "hasProof": false,
      "createdAt": 1768823814429
    },
    {
      "ticketId": "118",
      "invoiceId": "INV-1PR3NMAYT",
      "userId": "903616844039065600",
      "product": "vip_24",
      "status": "DONE",
      "hasProof": false,
      "createdAt": 1768827425777
    },
    {
      "ticketId": "119",
      "invoiceId": "INV-IOR1FY6HV",
      "userId": "1458038673001152586",
      "product": "vip_6",
      "status": "DONE",
      "hasProof": false,
      "createdAt": 1768827961081
    },
    {
      "ticketId": "120",
      "invoiceId": "INV-KI1AYFDZC",
      "userId": "1413143770366607390",
      "product": "vip_6",
      "status": "DONE",
      "hasProof": false,
      "createdAt": 1768832829013
    }
  ],
  "orderMsg": {
    "channelId": "1451004823905370223",
    "messageId": "1461954535034716333"
  },
  "lastAnnouncementId": "1463054933174517791"
}